[
  {
    "status": "ERROR",
    "chat_title": "HVDC 물류팀",
    "error": "Chat room not found",
    "timestamp": "2025-07-24T21:12:54.120649"
  },
  {
    "status": "ERROR",
    "chat_title": "[HVDC] ⚡ Project lightning ⚡",
    "error": "Chat room not found",
    "timestamp": "2025-07-24T21:13:28.677606"
  },
  {
    "status": "ERROR",
    "chat_title": "Abu Dhabi Logistics",
    "error": "Chat room not found",
    "timestamp": "2025-07-24T21:14:02.023906"
  },
  {
    "status": "ERROR",
    "chat_title": "Jopetwil 71 Group",
    "error": "Chat room not found",
    "timestamp": "2025-07-24T21:14:35.281612"
  },
  {
    "status": "ERROR",
    "chat_title": "AGI- Wall panel-GCC Storage",
    "error": "Chat room not found",
    "timestamp": "2025-07-24T21:15:08.499584"
  }
]