[
  {
    "status": "ERROR",
    "chat_title": "HVDC 물류팀",
    "error": "검색창을 찾을 수 없습니다. WhatsApp Web 구조가 변경되었을 수 있습니다.",
    "timestamp": "2025-07-24T20:58:36.972171"
  },
  {
    "status": "ERROR",
    "chat_title": "[HVDC] ⚡ Project lightning ⚡",
    "error": "검색창을 찾을 수 없습니다. WhatsApp Web 구조가 변경되었을 수 있습니다.",
    "timestamp": "2025-07-24T20:59:39.052409"
  },
  {
    "status": "ERROR",
    "chat_title": "Abu Dhabi Logistics",
    "error": "검색창을 찾을 수 없습니다. WhatsApp Web 구조가 변경되었을 수 있습니다.",
    "timestamp": "2025-07-24T21:00:41.130809"
  },
  {
    "status": "ERROR",
    "chat_title": "Jopetwil 71 Group",
    "error": "검색창을 찾을 수 없습니다. WhatsApp Web 구조가 변경되었을 수 있습니다.",
    "timestamp": "2025-07-24T21:01:43.199293"
  },
  {
    "status": "ERROR",
    "chat_title": "AGI- Wall panel-GCC Storage",
    "error": "검색창을 찾을 수 없습니다. WhatsApp Web 구조가 변경되었을 수 있습니다.",
    "timestamp": "2025-07-24T21:02:45.769493"
  }
]