[
  {
    "status": "ERROR",
    "chat_title": "HVDC 물류팀",
    "error": "검색창이 렌더링되지 않았습니다.",
    "timestamp": "2025-07-24T21:08:00.144954"
  },
  {
    "status": "ERROR",
    "chat_title": "[HVDC] ⚡ Project lightning ⚡",
    "error": "검색창이 렌더링되지 않았습니다.",
    "timestamp": "2025-07-24T21:08:17.215911"
  },
  {
    "status": "ERROR",
    "chat_title": "Abu Dhabi Logistics",
    "error": "검색창이 렌더링되지 않았습니다.",
    "timestamp": "2025-07-24T21:08:34.729465"
  },
  {
    "status": "ERROR",
    "chat_title": "Jopetwil 71 Group",
    "error": "검색창이 렌더링되지 않았습니다.",
    "timestamp": "2025-07-24T21:08:52.319881"
  },
  {
    "status": "ERROR",
    "chat_title": "AGI- Wall panel-GCC Storage",
    "error": "검색창이 렌더링되지 않았습니다.",
    "timestamp": "2025-07-24T21:09:09.371854"
  }
]