{
  "chat_rooms": [
    {
      "id": "662deff7-6a21-4663-aa25-dea1708c5228",
      "name": "마케팅팀",
      "type": "team",
      "members": [
        "김민수",
        "이영희",
        "박철수"
      ],
      "active": true,
      "created_by": "system",
      "description": "마케팅 전략 및 캠페인 기획",
      "tags": [
        "marketing",
        "campaign",
        "strategy"
      ],
      "parent_room_id": null,
      "child_room_ids": [],
      "connected_tasks": [
        "4eb67f3e-9b12-4221-a6cf-e9f52b93a205"
      ],
      "priority": "medium",
      "last_activity": "2025-07-24T20:32:32.380261",
      "confidence": 0.9,
      "auto_archive_days": 30
    },
    {
      "id": "8ecb842a-134f-4b24-9de7-eb5d8600f413",
      "name": "개발팀",
      "type": "team",
      "members": [
        "정수민",
        "한지우",
        "최동혁"
      ],
      "active": true,
      "created_by": "system",
      "description": "시스템 개발 및 기술 지원",
      "tags": [
        "development",
        "tech",
        "system"
      ],
      "parent_room_id": null,
      "child_room_ids": [],
      "connected_tasks": [
        "4ff9f363-461d-4e7a-8820-1b8ab25d8ba4"
      ],
      "priority": "high",
      "last_activity": "2025-07-24T20:32:32.382359",
      "confidence": 0.9,
      "auto_archive_days": 30
    },
    {
      "id": "7b7a8af0-2d31-4f59-aed5-2c5d4a8c90e3",
      "name": "디자인팀",
      "type": "team",
      "members": [
        "김디자",
        "이시안",
        "박UI"
      ],
      "active": true,
      "created_by": "system",
      "description": "UI/UX 디자인 및 브랜딩",
      "tags": [
        "design",
        "ui",
        "branding"
      ],
      "parent_room_id": null,
      "child_room_ids": [],
      "connected_tasks": [],
      "priority": "medium",
      "last_activity": "2025-07-24T20:32:32.382872",
      "confidence": 0.9,
      "auto_archive_days": 30
    },
    {
      "id": "14c50abd-27c7-4b8e-b4de-f0291107ef4d",
      "name": "영업팀",
      "type": "team",
      "members": [
        "정영업",
        "한세일",
        "최고객"
      ],
      "active": true,
      "created_by": "system",
      "description": "고객 관리 및 영업 활동",
      "tags": [
        "sales",
        "customer",
        "business"
      ],
      "parent_room_id": null,
      "child_room_ids": [],
      "connected_tasks": [],
      "priority": "urgent",
      "last_activity": "2025-07-24T20:32:32.384104",
      "confidence": 0.9,
      "auto_archive_days": 30
    },
    {
      "id": "946e5572-3e29-4ac6-952f-097cda8caac9",
      "name": "경영진",
      "type": "meeting",
      "members": [
        "최대표",
        "김이사",
        "박부장"
      ],
      "active": true,
      "created_by": "system",
      "description": "경영 의사결정 및 전략 수립",
      "tags": [
        "management",
        "strategy",
        "decision"
      ],
      "parent_room_id": null,
      "child_room_ids": [],
      "connected_tasks": [],
      "priority": "critical",
      "last_activity": "2025-07-24T20:32:32.384758",
      "confidence": 0.9,
      "auto_archive_days": 30
    },
    {
      "id": "2447c605-599c-49d1-9441-1e064c9c7f28",
      "name": "HVDC 프로젝트",
      "type": "project",
      "members": [
        "프로젝트매니저",
        "기술리더",
        "품질관리자"
      ],
      "active": true,
      "created_by": "system",
      "description": "Samsung C&T HVDC 프로젝트 전용",
      "tags": [
        "hvdc",
        "samsung",
        "project",
        "logistics"
      ],
      "parent_room_id": null,
      "child_room_ids": [],
      "connected_tasks": [],
      "priority": "medium",
      "last_activity": "2025-07-24T20:32:32.385795",
      "confidence": 0.9,
      "auto_archive_days": 30
    }
  ],
  "tasks": [
    {
      "id": "4eb67f3e-9b12-4221-a6cf-e9f52b93a205",
      "title": "신규 캠페인 기획",
      "description": "Q1 신규 제품 런칭을 위한 마케팅 캠페인 기획 및 실행",
      "status": "pending",
      "priority": "high",
      "assignee": "김민수",
      "created_by": "system",
      "chat_room_id": "662deff7-6a21-4663-aa25-dea1708c5228",
      "due_date": "2025-08-07T20:32:32.386307",
      "dependencies": [],
      "tags": [
        "campaign",
        "launch",
        "q1"
      ],
      "progress": 0.0,
      "confidence": 0.85,
      "created_at": "2025-07-24T20:32:32.386307",
      "updated_at": "2025-07-24T20:32:32.386307"
    },
    {
      "id": "4ff9f363-461d-4e7a-8820-1b8ab25d8ba4",
      "title": "시스템 성능 최적화",
      "description": "대시보드 응답 시간 개선 및 데이터베이스 쿼리 최적화",
      "status": "pending",
      "priority": "medium",
      "assignee": "정수민",
      "created_by": "system",
      "chat_room_id": "8ecb842a-134f-4b24-9de7-eb5d8600f413",
      "due_date": "2025-07-31T20:32:32.387335",
      "dependencies": [],
      "tags": [
        "optimization",
        "performance",
        "database"
      ],
      "progress": 0.0,
      "confidence": 0.85,
      "created_at": "2025-07-24T20:32:32.387335",
      "updated_at": "2025-07-24T20:32:32.387335"
    }
  ],
  "metadata": {
    "version": "3.4-mini",
    "last_updated": "2025-07-24T20:32:32.388666",
    "total_rooms": 6,
    "total_tasks": 2
  }
}